id,first_name,last_name,email
1,Corabelle,Borg-Bartolo,cborgbartolo0@spotify.com
2,Dede,Higgoe,dhiggoe1@mozilla.org
3,Lucila,Badrock,lbadrock2@si.edu
4,Benjie,Chadbourne,bchadbourne3@paginegialle.it
5,Chrissy,Messingham,cmessingham4@google.cn
6,Ardelle,Habble,ahabble5@weibo.com
7,Ty,Polak,tpolak6@netlog.com
8,Gerri,Safont,gsafont7@census.gov
9,Bea,Durrand,bdurrand8@squidoo.com
10,Theo,Dyzart,tdyzart9@lycos.com
11,Jemimah,Yitzovitz,jyitzovitza@surveymonkey.com
12,Pierce,Gleader,pgleaderb@princeton.edu
13,Gaspar,Harse,gharsec@home.pl
14,Desdemona,Christoforou,dchristoforoud@whitehouse.gov
15,Rosalia,Riseam,rriseame@flickr.com
16,Chadwick,Driffe,cdriffef@merriam-webster.com
17,Ole,Tolemache,otolemacheg@wikia.com
18,Andrus,Lamshead,alamsheadh@state.gov
19,Dorthea,Olijve,dolijvei@reuters.com
20,Lucille,Oulet,louletj@sciencedaily.com
21,Randie,De Bernardi,rdebernardik@wix.com
22,Quill,Haime,qhaimel@imageshack.us
23,Francene,Carmel,fcarmelm@github.com
24,Clerissa,Ettritch,cettritchn@ucsd.edu
25,Paulie,Parlatt,pparlatto@hp.com
26,Ulric,Thornley,uthornleyp@symantec.com
27,Sibley,Corkitt,scorkittq@360.cn
28,Lanette,de Wilde,ldewilder@hexun.com
29,Samuele,Reschke,sreschkes@census.gov
30,Mychal,Kendrew,mkendrewt@squidoo.com
31,Dulcia,Rush,drushu@parallels.com
32,Alvis,Ausiello,aausiellov@delicious.com
33,Sheelah,Danks,sdanksw@mapquest.com
34,Clementius,Lantiff,clantiffx@usgs.gov
35,Cherin,Jirak,cjiraky@google.de
36,Meggie,Sworne,mswornez@upenn.edu
37,Noble,O'Cleary,nocleary10@samsung.com
38,Benson,Slaight,bslaight11@vistaprint.com
39,Boris,Corroyer,bcorroyer12@cpanel.net
40,Fabe,Roncelli,froncelli13@sun.com
41,Florella,Warhurst,fwarhurst14@ow.ly
42,Goldarina,Calbrathe,gcalbrathe15@mail.ru
43,Tammy,MacAnespie,tmacanespie16@nhs.uk
44,Druci,Witcomb,dwitcomb17@ibm.com
45,Emiline,Sclater,esclater18@indiatimes.com
46,Hardy,Glowinski,hglowinski19@go.com
47,Kennith,Filippello,kfilippello1a@uol.com.br
48,Staford,Rowlings,srowlings1b@github.io
49,Karen,Dedden,kdedden1c@auda.org.au
50,Katusha,Phipps,kphipps1d@skyrock.com
51,Eleni,Westlake,ewestlake1e@nbcnews.com
52,Rosina,Trevna,rtrevna1f@senate.gov
53,Mame,Cleve,mcleve1g@mysql.com
54,Yorgo,Willman,ywillman1h@google.pl
55,Gussi,Kingh,gkingh1i@nasa.gov
56,Keefer,Bocking,kbocking1j@google.ru
57,Dal,Schlagh,dschlagh1k@domainmarket.com
58,Jinny,Godding,jgodding1l@homestead.com
59,Bartholomeus,Cormack,bcormack1m@imdb.com
60,Elsworth,MacLaughlin,emaclaughlin1n@europa.eu
61,Frederico,Dannehl,fdannehl1o@dailymail.co.uk
62,Paxton,Clemitt,pclemitt1p@mlb.com
63,Chere,Bickerdicke,cbickerdicke1q@telegraph.co.uk
64,Raymond,Glancy,rglancy1r@hhs.gov
65,Shell,Starzaker,sstarzaker1s@utexas.edu
66,Arlyne,Spatari,aspatari1t@devhub.com
67,Ciro,Earney,cearney1u@sun.com
68,Wendy,Grishanov,wgrishanov1v@cnet.com
69,Hetti,Glanders,hglanders1w@cdbaby.com
70,Valle,Saltrese,vsaltrese1x@delicious.com
71,Gerri,Bushnell,gbushnell1y@who.int
72,Quintin,Showers,qshowers1z@statcounter.com
73,Rosina,Kalinsky,rkalinsky20@blog.com
74,Brooke,Waldram,bwaldram21@gmpg.org
75,Coralyn,Liveing,cliveing22@hc360.com
76,Hazel,Joincey,hjoincey23@sciencedirect.com
77,Gaby,Halshaw,ghalshaw24@nsw.gov.au
78,Leodora,Clulee,lclulee25@acquirethisname.com
79,Rhodie,Swiffin,rswiffin26@go.com
80,Niki,Goodyear,ngoodyear27@mapquest.com
81,Arleyne,Witter,awitter28@cargocollective.com
82,Aubrey,Niesegen,aniesegen29@comsenz.com
83,Emmeline,Galero,egalero2a@themeforest.net
84,Alvina,Guyot,aguyot2b@tamu.edu
85,Janie,Rhodus,jrhodus2c@usatoday.com
86,Javier,Bayston,jbayston2d@wikimedia.org
87,Koral,Butteris,kbutteris2e@4shared.com
88,Alexis,Brandacci,abrandacci2f@diigo.com
89,Yetta,Whitelock,ywhitelock2g@bbb.org
90,Susie,Rabat,srabat2h@addthis.com
91,Lina,Brownsmith,lbrownsmith2i@stanford.edu
92,Meridel,Ranking,mranking2j@spotify.com
93,Trix,Slemmonds,tslemmonds2k@economist.com
94,Baxie,Bullick,bbullick2l@omniture.com
95,Daffy,Guterson,dguterson2m@yahoo.com
96,Rod,McMearty,rmcmearty2n@mapquest.com
97,Vanessa,Bertolaccini,vbertolaccini2o@netvibes.com
98,Ingar,Belliard,ibelliard2p@trellian.com
99,Cordy,Betty,cbetty2q@php.net
100,Loy,Martignoni,lmartignoni2r@squidoo.com
